"categoryId","categoryName","avgScore"
"629b9a6c91571911cc170f1b","People",1.4379822896900696
"629b9a6c91571911cc170f19","Planet",1.6308665401644529