"subcategoryId","subcategoryName","avgScore"
"629b9a6c91571911cc170f21","Community Welfare",0.47987019839594763
"629b9a6c91571911cc170f23","Diversity & Inclusion",0.8569016462642465
"629b9a6c91571911cc170f1f","Climate Action",0.9404812157028282
"629b9a6c91571911cc170f1d","Sustainability",0.7673860278598564