"categoryId","categoryName","avgScore"
"629b9a6c91571911cc170f1b","People",1.3367718446601942
"629b9a6c91571911cc170f19","Planet",1.7078672435626847