"categoryId","categoryName","avgScore"
"629b9a6c91571911cc170f1b","People",1.8312037171482503
"629b9a6c91571911cc170f19","Planet",1.8653622767533033