"subcategoryId","subcategoryName","avgScore"
"629b9a6c91571911cc170f21","Community Welfare",1.0445041382314506
"629b9a6c91571911cc170f23","Diversity & Inclusion",0.7866995789167998
"629b9a6c91571911cc170f1f","Climate Action",1.040184405401481
"629b9a6c91571911cc170f1d","Sustainability",0.8251778713518223